 {
  "comment": "This file maps proto services/RPCs to the corresponding library clients/methods",
  "language": "python",
  "libraryPackage": "wii.gapic.cook_v1",
  "protoPackage": "wii.gapic.cook.v1",
  "schema": "1.0",
  "services": {
    "CookService": {
      "clients": {
        "grpc": {
          "libraryClient": "CookServiceClient",
          "rpcs": {
            "Ping": {
              "methods": [
                "ping"
              ]
            }
          }
        },
        "grpc-async": {
          "libraryClient": "CookServiceAsyncClient",
          "rpcs": {
            "Ping": {
              "methods": [
                "ping"
              ]
            }
          }
        }
      }
    }
  }
}
